Workbook

Sheet Sheet1
A1: Yearly Sales Report
A2: S/N | B2: Date | C2: Year | D2: Sales Rep | E2: Quantity Sold | F2: Amount
A3: 1 | B3: 40221 | C3: =TEXT(B3,"YYYY") -> 2010 | D3: Ayo | E3: 76 | F3: 16720 | I3: Sum of Sales by Years | O3: Condition | P3: Quantity
A4: 2 | B4: 40235 | C4: =TEXT(B4,"YYYY") -> 2010 | D4: Tola | E4: 59 | F4: 12980 | H4: Sales Rep | I4: 2010 | J4: 2011 | K4: 2012 | N4: COUNTIF | O4: Abdul
A5: 3 | B5: 40249 | C5: =TEXT(B5,"YYYY") -> 2010 | D5: Abdul | E5: 56 | F5: 12320 | H5: Abdul | O5: Ayo
A6: 4 | B6: 40249 | C6: =TEXT(B6,"YYYY") -> 2010 | D6: Ada | E6: 48 | F6: 10560 | H6: Ayo | O6: Ada
A7: 5 | B7: 40418 | C7: =TEXT(B7,"YYYY") -> 2010 | D7: Tola | E7: 40 | F7: 8800 | H7: Ada | O7: Ese
A8: 6 | B8: 40418 | C8: =TEXT(B8,"YYYY") -> 2010 | D8: Ese | E8: 90 | F8: 19800 | H8: Ese | O8: Tola
A9: 7 | B9: 40464 | C9: =TEXT(B9,"YYYY") -> 2010 | D9: Ada | E9: 24 | F9: 5280 | H9: Tola
A10: 8 | B10: 40505 | C10: =TEXT(B10,"YYYY") -> 2010 | D10: Ada | E10: 50 | F10: 11000
A11: 9 | B11: 40505 | C11: =TEXT(B11,"YYYY") -> 2010 | D11: Tola | E11: 33 | F11: 7260
A12: 10 | B12: 40611 | C12: =TEXT(B12,"YYYY") -> 2011 | D12: Ese | E12: 95 | F12: 20900
A13: 11 | B13: 40626 | C13: =TEXT(B13,"YYYY") -> 2011 | D13: Abdul | E13: 57 | F13: 12540
A14: 12 | B14: 40693 | C14: =TEXT(B14,"YYYY") -> 2011 | D14: Abdul | E14: 48 | F14: 10560 | H14: FUNCTIONS
A15: 13 | B15: 40711 | C15: =TEXT(B15,"YYYY") -> 2011 | D15: Tola | E15: 88 | F15: 19360 | I15: Quantity | J15: Amount | M15: Condition | N15: Quantity | O15: Amount | S15: Quantity Sold by Years
A16: 14 | B16: 40711 | C16: =TEXT(B16,"YYYY") -> 2011 | D16: Ayo | E16: 28 | F16: 6160 | H16: SUM | L16: SUMIF | M16: Abdul | R16: Sales Rep | S16: 2010 | T16: 2011 | U16: 2012
A17: 15 | B17: 40734 | C17: =TEXT(B17,"YYYY") -> 2011 | D17: Tola | E17: 64 | F17: 14080 | H17: MINIMUM | M17: Ayo | R17: Abdul
A18: 16 | B18: 40953 | C18: =TEXT(B18,"YYYY") -> 2012 | D18: Abdul | E18: 51 | F18: 11220 | H18: MAXIMUM | M18: Ada | R18: Ayo
A19: 17 | B19: 40953 | C19: =TEXT(B19,"YYYY") -> 2012 | D19: Ada | E19: 25 | F19: 5500 | H19: AVERAGE | M19: Ese | R19: Ada
A20: 18 | B20: 41014 | C20: =TEXT(B20,"YYYY") -> 2012 | D20: Tola | E20: 32 | F20: 7040 | H20: COUNT | M20: Tola | R20: Ese
A21: 19 | B21: 41014 | C21: =TEXT(B21,"YYYY") -> 2012 | D21: Abdul | E21: 24 | F21: 5280 | H21: COUNTA | R21: Tola
A22: 20 | B22: 41068 | C22: =TEXT(B22,"YYYY") -> 2012 | D22: Ada | E22: 47 | F22: 10340
A23: 21 | B23: 41068 | C23: =TEXT(B23,"YYYY") -> 2012 | D23: Abdul | E23: 41 | F23: 9020
A24: 22 | B24: 41125 | C24: =TEXT(B24,"YYYY") -> 2012 | D24: Ese | E24: 52 | F24: 11440
A25: 23 | B25: 41183 | C25: =TEXT(B25,"YYYY") -> 2012 | D25: Ayo | E25: 36 | F25: 7920
A26: 24 | B26: 41183 | C26: =TEXT(B26,"YYYY") -> 2012 | D26: Tola | E26: 60 | F26: 13200

Sheet Sheet2
A2: Total Quantity Sold Across Years | B2: =SUM(Sheet1!E3:E26) -> 1224 | D2: Highest Transaction | E2: =MAX(Sheet1!F3:F26) -> 20900
A3: Total Quantity Sold Per Year | B3: Column1 | D3: Lowest Transaction | E3: =MIN(Sheet1!F3:F26) -> 5280
A4: Year | B4: Total Quantity
A5: 2010 | B5: =SUMIF(Sheet1!C3:C26, "=2010", Sheet1!E3:E26) -> 476
A6: 2011 | B6: =SUMIF(Sheet1!C4:C27, "=2011", Sheet1!E4:E27) -> 380
A7: 2012 | B7: =SUMIF(Sheet1!C5:C28, "=2012", Sheet1!E5:E28) -> 368 | E7: Condition | F7: Quantity | G7: Rank
D8: COUNTIF | E8: Abdul | F8: =COUNTIF(Sheet1!D3:D26, "=Abdul") -> 6 | G8: =RANK(F8,$F$8:$F$12) -> 2
A9: Average Quantity Sold Per year | B9: Average Quantity | E9: Ayo | F9: =COUNTIF(Sheet1!$D$3:$D$26, "="&E9) -> 3 | G9: =RANK(F9,$F$8:$F$12) -> 4
A10: Year | E10: Ada | F10: =COUNTIF(Sheet1!$D$3:$D$26, "="&E10) -> 5 | G10: =RANK(F10,$F$8:$F$12) -> 3
A11: 2010 | B11: =AVERAGEIF(Sheet1!$C$3:$C$26, "="&A11, Sheet1!$E$3:$E$26) -> 52.888889 | E11: Ese | F11: =COUNTIF(Sheet1!$D$3:$D$26, "="&E11) -> 3 | G11: =RANK(F11,$F$8:$F$12) -> 4
A12: 2011 | B12: =AVERAGEIF(Sheet1!$C$3:$C$26, "="&A12, Sheet1!$E$3:$E$26) -> 63.333333 | E12: Tola | F12: =COUNTIF(Sheet1!$D$3:$D$26, "="&E12) -> 7 | G12: =RANK(F12,$F$8:$F$12) -> 1
A13: 2012 | B13: =AVERAGEIF(Sheet1!$C$3:$C$26, "="&A13, Sheet1!$E$3:$E$26) -> 40.888889 | D13: Most Active | E13: Tola | F13: =MAX(F8:F12) -> 7
E16: Condition | F16: Quantity | G16: Amount
D17: SUMIF | E17: Abdul | F17: =SUMIF(Sheet1!$D$3:$D$26,"="&Sheet2!E17,Sheet1!$E$3:$E$26) -> 277 | G17: =SUMIF(Sheet1!$D$3:$D$26,"="&Sheet2!E17,Sheet1!$F$3:$F$26) -> 60940
E18: Ayo | F18: =SUMIF(Sheet1!$D$3:$D$26,"="&Sheet2!E18,Sheet1!$E$3:$E$26) -> 140 | G18: =SUMIF(Sheet1!$D$3:$D$26,"="&Sheet2!E18,Sheet1!$F$3:$F$26) -> 30800
E19: Ada | F19: =SUMIF(Sheet1!$D$3:$D$26,"="&Sheet2!E19,Sheet1!$E$3:$E$26) -> 194 | G19: =SUMIF(Sheet1!$D$3:$D$26,"="&Sheet2!E19,Sheet1!$F$3:$F$26) -> 42680
E20: Ese | F20: =SUMIF(Sheet1!$D$3:$D$26,"="&Sheet2!E20,Sheet1!$E$3:$E$26) -> 237 | G20: =SUMIF(Sheet1!$D$3:$D$26,"="&Sheet2!E20,Sheet1!$F$3:$F$26) -> 52140
E21: Tola | F21: =SUMIF(Sheet1!$D$3:$D$26,"="&Sheet2!E21,Sheet1!$E$3:$E$26) -> 376 | G21: =SUMIF(Sheet1!$D$3:$D$26,"="&Sheet2!E21,Sheet1!$F$3:$F$26) -> 82720
